id_evaluare,id_angajat,an_evaluare,scor_performanta,satisfactie_angajat,ore_suplimentare_lunare,ore_training_anual,zile_concediu_medical,procent_bonus
1,1001,2023,3.0,6.0,2.0,35,5,4.9
4,1002,2023,4.0,6.0,0.0,36,4,7.0
7,1003,2023,3.0,6.0,9.0,40,9,4.8
9,1005,2023,3.0,4.0,16.0,2,8,5.5
12,1006,2023,5.0,7.0,0.0,15,5,12.5
16,1008,2023,4.0,3.0,0.0,9,7,8.2
19,1009,2023,3.0,5.0,10.0,31,6,6.2
20,1011,2023,3.0,7.0,7.0,4,3,5.4
23,1012,2023,4.0,4.0,6.0,14,4,8.2
24,1014,2023,2.0,6.0,9.0,22,8,1.9
29,1016,2023,4.0,5.0,4.0,26,5,8.6
32,1017,2023,4.0,6.0,1.0,15,4,9.8
35,1018,2023,3.0,6.0,15.0,37,2,4.6
38,1019,2023,4.0,3.0,10.0,12,6,7.5
44,1022,2023,3.0,4.0,14.0,33,7,4.8
47,1023,2023,5.0,8.0,0.0,15,3,11.8
50,1024,2023,4.0,6.0,5.0,22,3,7.0
53,1025,2023,3.0,7.0,15.0,8,5,3.7
56,1026,2023,4.0,6.0,19.0,27,8,9.8
59,1028,2023,4.0,5.0,2.0,28,6,7.2
62,1029,2023,5.0,5.0,15.0,32,6,12.1
65,1030,2023,4.0,4.0,12.0,29,12,7.6
68,1031,2023,4.0,8.0,12.0,31,3,9.2
71,1032,2023,4.0,4.0,0.0,31,5,6.8
74,1034,2023,2.0,5.0,0.0,12,8,2.9
79,1036,2023,3.0,4.0,10.0,21,8,5.6
82,1037,2023,4.0,7.0,16.0,24,4,8.8
85,1038,2023,4.0,9.0,9.0,20,7,9.7
88,1039,2023,3.0,4.0,7.0,45,7,4.4
89,1040,2023,4.0,6.0,25.0,27,0,9.4
92,1041,2023,5.0,7.0,8.0,33,4,12.5
95,1043,2023,3.0,8.0,7.0,32,4,5.9
100,1045,2023,2.0,1.0,1.0,6,11,1.2
103,1046,2023,3.0,6.0,11.0,31,3,3.2
106,1047,2023,4.0,6.0,2.0,21,8,7.5
111,1049,2023,3.0,9.0,3.0,11,2,6.6
114,1050,2023,4.0,6.0,1.0,27,4,7.5
117,1051,2023,3.0,8.0,0.0,25,8,3.9
120,1052,2023,3.0,9.0,8.0,20,7,3.6
123,1053,2023,3.0,10.0,6.0,3,3,5.0
126,1054,2023,3.0,6.0,4.0,29,5,5.4
129,1055,2023,3.0,4.0,10.0,25,8,4.8
132,1056,2023,5.0,3.0,11.0,14,3,14.0
137,1058,2023,5.0,5.0,0.0,30,5,10.7
140,1059,2023,4.0,8.0,5.0,16,4,6.4
144,1062,2023,4.0,7.0,13.0,5,4,9.8
147,1063,2023,3.0,5.0,1.0,25,4,6.5
151,1065,2023,5.0,7.0,5.0,14,1,12.8
156,1067,2023,3.0,7.0,9.0,20,3,2.7
159,1068,2023,4.0,6.0,3.0,17,3,7.5
164,1070,2023,3.0,6.0,5.0,12,9,4.6
167,1071,2023,5.0,8.0,27.0,28,4,11.0
170,1072,2023,3.0,6.0,11.0,8,2,5.7
173,1073,2023,4.0,7.0,8.0,21,6,7.9
178,1075,2023,4.0,6.0,7.0,16,6,6.6
183,1078,2023,4.0,8.0,11.0,38,6,8.8
186,1079,2023,3.0,8.0,12.0,28,1,5.9
189,1080,2023,2.0,6.0,10.0,18,4,2.4
192,1081,2023,3.0,6.0,16.0,25,8,3.6
193,1082,2023,4.0,7.0,1.0,27,6,7.8
196,1083,2023,4.0,6.0,9.0,43,1,13.1
199,1084,2023,4.0,6.0,11.0,20,5,8.0
202,1085,2023,4.0,5.0,10.0,22,7,7.6
203,1086,2023,3.0,7.0,10.0,30,6,4.2
206,1087,2023,5.0,6.0,13.0,33,4,13.2
211,1089,2023,5.0,6.0,1.0,28,4,13.1
216,1092,2023,3.0,10.0,10.0,28,2,6.4
220,1094,2023,2.0,6.0,1.0,1,5,3.0
223,1095,2023,5.0,5.0,17.0,0,6,14.1
224,1096,2023,3.0,6.0,12.0,20,7,4.8
227,1098,2023,4.0,6.0,8.0,15,3,6.5
230,1099,2023,3.0,6.0,14.0,37,4,5.7
233,1100,2023,4.0,6.0,6.0,23,7,7.3
236,1102,2023,4.0,7.0,10.0,15,2,6.5
240,1104,2023,4.0,3.0,14.0,39,10,10.7
246,1107,2023,4.0,6.0,14.0,28,5,7.7
249,1108,2023,4.0,3.0,10.0,2,6,6.8
253,1110,2023,4.0,4.0,8.0,38,8,7.5
256,1111,2023,4.0,7.0,12.0,54,5,7.3
260,1114,2023,3.0,7.0,0.0,19,3,5.2
263,1115,2023,3.0,8.0,3.0,28,2,5.4
264,1116,2023,2.0,7.0,9.0,5,5,1.1
267,1117,2023,3.0,5.0,18.0,5,6,4.3
270,1118,2023,3.0,6.0,10.0,26,5,5.7
273,1119,2023,4.0,6.0,7.0,24,6,6.6
277,1121,2023,4.0,6.0,12.0,11,6,9.2
280,1122,2023,3.0,8.0,7.0,3,4,5.0
284,1124,2023,4.0,5.0,15.0,14,5,8.8
287,1126,2023,5.0,2.0,10.0,19,3,13.2
290,1127,2023,4.0,8.0,0.0,42,4,8.1
294,1129,2023,4.0,5.0,8.0,32,4,7.8
298,1131,2023,3.0,7.0,6.0,20,9,7.0
301,1133,2023,3.0,6.0,11.0,24,5,5.1
304,1134,2023,3.0,4.0,11.0,27,9,4.8
307,1135,2023,4.0,5.0,9.0,24,9,8.2
310,1136,2023,3.0,8.0,4.0,25,4,5.8
314,1138,2023,4.0,8.0,6.0,22,6,7.5
317,1139,2023,2.0,7.0,1.0,9,1,2.7
320,1141,2023,2.0,9.0,5.0,23,3,2.0
321,1142,2023,5.0,8.0,4.0,34,3,11.7
324,1143,2023,3.0,7.0,3.0,16,5,6.6
327,1144,2023,5.0,7.0,0.0,21,2,11.6
330,1145,2023,4.0,9.0,18.0,15,8,6.5
333,1146,2023,5.0,6.0,6.0,47,3,12.9
336,1147,2023,4.0,4.0,16.0,37,9,8.7
339,1148,2023,3.0,3.0,5.0,23,7,6.6
343,1150,2023,4.0,6.0,3.0,30,3,8.2
346,1151,2023,3.0,6.0,16.0,19,5,3.9
349,1154,2023,4.0,6.0,7.0,29,5,8.0
352,1155,2023,4.0,9.0,19.0,40,2,8.9
355,1156,2023,3.0,6.0,18.0,21,3,6.9
358,1157,2023,4.0,8.0,6.0,27,2,8.5
361,1158,2023,3.0,6.0,11.0,0,7,5.6
364,1160,2023,5.0,4.0,0.0,22,7,11.1
367,1161,2023,4.0,6.0,5.0,3,5,4.1
370,1163,2023,5.0,8.0,0.0,24,4,12.5
375,1166,2023,5.0,6.0,16.0,26,4,12.2
379,1169,2023,5.0,4.0,10.0,54,9,10.1
383,1171,2023,3.0,6.0,3.0,13,1,4.6
386,1172,2023,4.0,6.0,7.0,20,5,8.1
389,1173,2023,3.0,6.0,0.0,41,5,4.0
392,1174,2023,3.0,6.0,11.0,26,2,6.0
395,1175,2023,5.0,8.0,6.0,11,0,12.4
398,1176,2023,3.0,7.0,0.0,15,5,5.8
401,1177,2023,5.0,7.0,0.0,14,4,13.1
404,1178,2023,3.0,7.0,2.0,27,2,4.9
407,1179,2023,4.0,9.0,0.0,18,3,6.4
410,1180,2023,4.0,7.0,1.0,48,1,6.0
413,1181,2023,4.0,8.0,10.0,13,6,8.0
416,1182,2023,2.0,6.0,11.0,30,1,1.4
419,1183,2023,3.0,10.0,3.0,23,0,3.9
424,1185,2023,2.0,6.0,3.0,31,8,4.9
427,1187,2023,4.0,7.0,12.0,33,6,8.4
431,1189,2023,3.0,7.0,2.0,24,4,7.8
436,1192,2023,4.0,3.0,6.0,0,5,8.2
439,1193,2023,3.0,7.0,24.0,30,5,4.3
442,1194,2023,3.0,5.0,13.0,27,3,4.6
445,1195,2023,4.0,9.0,16.0,43,3,8.2
448,1196,2023,3.0,6.0,7.0,37,2,5.5
453,1198,2023,4.0,5.0,4.0,24,5,8.4
456,1199,2023,3.0,6.0,11.0,4,1,4.6
459,1200,2023,3.0,9.0,1.0,7,3,6.0
462,1201,2023,3.0,8.0,0.0,38,3,4.9
465,1202,2023,4.0,6.0,7.0,34,10,7.2
468,1203,2023,4.0,5.0,10.0,19,3,7.2
473,1206,2023,4.0,9.0,10.0,33,5,7.6
474,1207,2023,2.0,6.0,10.0,28,5,0.6
477,1208,2023,4.0,7.0,5.0,26,4,6.9
480,1209,2023,4.0,6.0,24.0,31,7,8.9
485,1211,2023,2.0,9.0,2.0,28,5,1.8
488,1212,2023,4.0,10.0,12.0,23,3,8.2
492,1214,2023,4.0,7.0,4.0,24,3,7.4
495,1215,2023,3.0,9.0,0.0,11,7,4.6
498,1216,2023,3.0,7.0,2.0,16,5,5.4
501,1217,2023,3.0,7.0,11.0,17,4,4.5
504,1218,2023,5.0,4.0,4.0,20,9,12.4
510,1224,2023,4.0,6.0,13.0,33,5,6.3
513,1225,2023,4.0,7.0,0.0,20,1,9.2
516,1226,2023,3.0,7.0,2.0,22,5,5.6
519,1227,2023,3.0,4.0,12.0,49,8,5.5
522,1228,2023,3.0,6.0,7.0,29,3,4.4
523,1229,2023,4.0,6.0,7.0,20,3,5.7
526,1230,2023,3.0,5.0,28.0,25,4,5.1
529,1231,2023,4.0,5.0,4.0,24,3,6.8
533,1233,2023,5.0,5.0,1.0,18,5,12.3
536,1234,2023,4.0,4.0,9.0,34,13,7.9
537,1235,2023,5.0,4.0,16.0,27,13,12.0
540,1236,2023,4.0,4.0,4.0,13,9,0.8
543,1237,2023,4.0,6.0,0.0,19,8,7.5
546,1239,2023,3.0,6.0,9.0,26,2,4.4
548,1240,2023,2.0,8.0,9.0,14,2,0.9
551,1241,2023,4.0,5.0,9.0,21,7,8.4
554,1242,2023,2.0,5.0,13.0,9,9,0.7
559,1245,2023,3.0,6.0,4.0,29,3,4.0
562,1246,2023,3.0,10.0,8.0,39,4,5.0
565,1247,2023,5.0,9.0,2.0,40,5,13.7
568,1248,2023,4.0,9.0,13.0,35,4,10.0
571,1249,2023,3.0,8.0,3.0,19,3,4.8
574,1250,2023,3.0,7.0,4.0,22,3,6.1
579,1252,2023,3.0,6.0,8.0,18,1,6.2
582,1253,2023,4.0,8.0,7.0,42,2,7.2
583,1254,2023,3.0,8.0,5.0,50,3,4.5
586,1255,2023,4.0,5.0,16.0,35,4,7.5
587,1256,2023,4.0,5.0,0.0,30,9,7.5
590,1257,2023,3.0,6.0,6.0,17,4,4.9
593,1258,2023,4.0,6.0,10.0,35,1,8.8
596,1259,2023,4.0,8.0,10.0,25,1,8.5
599,1260,2023,3.0,5.0,1.0,9,2,6.2
602,1261,2023,3.0,5.0,14.0,37,7,5.9
606,1263,2023,2.0,6.0,14.0,27,7,2.2
610,1265,2023,4.0,8.0,1.0,18,5,8.1
613,1266,2023,3.0,7.0,10.0,23,5,5.1
616,1267,2023,4.0,6.0,15.0,26,3,8.6
619,1268,2023,3.0,6.0,16.0,17,4,5.9
622,1269,2023,3.0,6.0,8.0,32,4,4.5
628,1272,2023,4.0,4.0,7.0,37,8,8.6
631,1274,2023,4.0,6.0,14.0,55,6,7.4
634,1275,2023,4.0,9.0,11.0,22,7,7.2
637,1276,2023,2.0,6.0,6.0,22,3,2.6
640,1278,2023,3.0,8.0,7.0,24,11,3.1
644,1280,2023,4.0,7.0,3.0,31,3,9.1
647,1281,2023,4.0,6.0,2.0,14,1,9.1
651,1283,2023,3.0,10.0,7.0,20,5,4.0
654,1284,2023,4.0,9.0,7.0,20,5,8.2
657,1285,2023,5.0,6.0,1.0,27,4,13.3
660,1286,2023,3.0,7.0,15.0,16,1,5.2
663,1287,2023,3.0,4.0,8.0,14,7,5.3
666,1289,2023,4.0,6.0,17.0,30,6,9.0
669,1290,2023,5.0,4.0,4.0,31,4,11.2
672,1292,2023,3.0,7.0,2.0,29,2,4.0
674,1293,2023,5.0,9.0,1.0,35,4,12.1
677,1294,2023,3.0,7.0,10.0,16,3,5.2
680,1296,2023,3.0,5.0,10.0,30,8,5.8
683,1297,2023,3.0,8.0,2.0,29,6,4.5
686,1298,2023,2.0,10.0,21.0,24,5,4.6
687,1299,2023,3.0,8.0,1.0,43,5,4.7
690,1300,2023,3.0,8.0,0.0,24,3,5.7
693,1301,2023,4.0,8.0,9.0,34,5,9.4
696,1302,2023,3.0,10.0,1.0,14,4,5.6
699,1303,2023,3.0,8.0,9.0,30,7,3.9
704,1305,2023,4.0,5.0,14.0,20,6,6.2
707,1306,2023,4.0,10.0,16.0,33,2,7.1
712,1308,2023,2.0,6.0,8.0,16,7,1.1
715,1309,2023,4.0,6.0,16.0,30,7,8.1
718,1311,2023,4.0,9.0,5.0,16,5,8.3
721,1312,2023,4.0,5.0,12.0,24,5,8.4
723,1313,2023,4.0,9.0,11.0,18,4,8.8
726,1314,2023,4.0,9.0,6.0,22,9,8.6
727,1315,2023,3.0,7.0,9.0,16,3,3.3
732,1317,2023,3.0,8.0,19.0,25,4,4.8
735,1318,2023,4.0,8.0,0.0,39,2,7.8
738,1319,2023,2.0,10.0,3.0,0,3,2.9
741,1320,2023,4.0,4.0,8.0,24,5,6.4
744,1321,2023,3.0,7.0,10.0,27,5,5.5
747,1323,2023,3.0,6.0,8.0,6,6,5.4
750,1324,2023,3.0,3.0,19.0,12,9,4.2
753,1325,2023,4.0,5.0,11.0,31,2,8.1
756,1326,2023,3.0,5.0,2.0,35,5,5.3
759,1327,2023,3.0,6.0,10.0,14,4,5.2
762,1328,2023,5.0,7.0,2.0,5,6,12.0
765,1330,2023,4.0,6.0,9.0,22,5,7.8
768,1331,2023,4.0,7.0,0.0,23,6,8.1
771,1332,2023,3.0,7.0,21.0,33,5,4.4
774,1333,2023,4.0,5.0,8.0,37,0,8.7
777,1334,2023,4.0,6.0,8.0,26,5,9.2
780,1335,2023,5.0,7.0,3.0,25,4,12.1
783,1336,2023,4.0,7.0,12.0,32,6,8.7
786,1338,2023,3.0,8.0,0.0,10,5,3.0
789,1339,2023,2.0,7.0,2.0,6,5,3.1
792,1341,2023,4.0,9.0,0.0,27,9,6.6
795,1342,2023,3.0,4.0,4.0,34,7,5.2
799,1344,2023,3.0,9.0,3.0,11,3,5.8
802,1345,2023,4.0,3.0,2.0,34,8,9.3
807,1348,2023,1.0,3.0,5.0,11,7,0.0
809,1349,2023,3.0,7.0,2.0,17,3,4.1
814,1351,2023,3.0,6.0,8.0,24,5,3.3
817,1352,2023,5.0,7.0,0.0,35,4,12.7
822,1354,2023,3.0,4.0,1.0,32,6,7.5
826,1356,2023,2.0,6.0,10.0,19,2,1.9
829,1357,2023,3.0,9.0,10.0,3,7,4.5
833,1359,2023,5.0,10.0,0.0,34,3,10.1
836,1360,2023,2.0,8.0,10.0,16,5,0.0
840,1362,2023,4.0,8.0,14.0,18,5,8.4
843,1363,2023,3.0,6.0,3.0,11,2,3.5
846,1364,2023,4.0,9.0,11.0,40,5,8.5
849,1365,2023,2.0,7.0,0.0,40,3,2.5
854,1367,2023,4.0,8.0,9.0,8,5,7.8
857,1368,2023,2.0,8.0,5.0,37,3,0.5
861,1370,2023,5.0,8.0,3.0,37,7,11.4
866,1372,2023,5.0,5.0,16.0,11,1,13.4
867,1373,2023,5.0,6.0,1.0,39,13,13.5
868,1374,2023,4.0,10.0,5.0,29,6,7.6
873,1376,2023,3.0,8.0,1.0,26,3,6.9
878,1378,2023,3.0,8.0,1.0,27,8,5.3
881,1379,2023,4.0,7.0,16.0,30,7,8.4
884,1380,2023,3.0,7.0,11.0,32,3,5.9
887,1381,2023,4.0,6.0,6.0,26,4,7.6
892,1383,2023,4.0,1.0,4.0,52,4,9.9
895,1384,2023,2.0,8.0,0.0,12,6,0.9
898,1385,2023,3.0,5.0,14.0,16,7,4.4
903,1387,2023,4.0,9.0,9.0,37,3,8.0
906,1388,2023,4.0,7.0,19.0,26,1,7.3
909,1389,2023,4.0,4.0,9.0,38,8,9.2
912,1390,2023,2.0,8.0,6.0,6,5,3.3
915,1391,2023,3.0,7.0,2.0,17,3,5.4
918,1392,2023,4.0,6.0,9.0,15,5,7.2
921,1393,2023,4.0,3.0,13.0,28,12,6.9
924,1394,2023,4.0,6.0,3.0,27,8,6.6
927,1395,2023,4.0,5.0,12.0,55,10,8.3
932,1397,2023,2.0,7.0,4.0,8,3,2.3
935,1398,2023,4.0,7.0,14.0,19,4,8.9
938,1399,2023,3.0,6.0,2.0,21,4,5.8
941,1400,2023,3.0,7.0,13.0,14,4,5.5
944,1401,2023,3.0,4.0,8.0,2,6,5.4
947,1402,2023,3.0,5.0,15.0,37,9,5.3
949,1403,2023,5.0,5.0,4.0,21,0,13.4
952,1404,2023,3.0,6.0,0.0,22,5,4.7
955,1405,2023,5.0,6.0,11.0,25,4,10.5
958,1406,2023,3.0,3.0,8.0,31,8,4.4
963,1409,2023,4.0,9.0,2.0,17,4,8.6
966,1410,2023,5.0,9.0,15.0,23,5,12.8
969,1411,2023,4.0,4.0,12.0,18,9,6.9
972,1412,2023,3.0,6.0,6.0,14,2,4.2
975,1413,2023,2.0,6.0,1.0,42,4,2.4
978,1414,2023,3.0,6.0,10.0,39,6,5.2
981,1415,2023,2.0,3.0,1.0,27,9,2.3
984,1416,2023,3.0,6.0,0.0,20,2,5.2
988,1418,2023,4.0,4.0,11.0,7,4,7.6
991,1419,2023,5.0,5.0,13.0,25,6,13.4
994,1420,2023,3.0,6.0,14.0,5,2,4.8
997,1421,2023,3.0,8.0,8.0,12,3,5.8
1000,1422,2023,3.0,5.0,18.0,25,10,4.9
1001,1424,2023,3.0,8.0,12.0,34,4,5.3
1004,1427,2023,3.0,7.0,15.0,33,3,5.5
1010,1430,2023,4.0,8.0,15.0,27,8,7.4
1013,1431,2023,5.0,7.0,2.0,22,4,13.7
1016,1432,2023,3.0,3.0,10.0,26,6,3.8
1019,1433,2023,4.0,4.0,18.0,27,7,6.7
1020,1434,2023,2.0,6.0,11.0,16,6,1.1
1022,1435,2023,4.0,8.0,4.0,13,2,8.8
1025,1437,2023,5.0,10.0,6.0,28,5,10.8
1028,1438,2023,3.0,7.0,13.0,25,5,4.4
1031,1439,2023,5.0,6.0,20.0,18,7,10.4
1034,1440,2023,3.0,8.0,9.0,10,4,3.4
1037,1441,2023,2.0,7.0,0.0,15,2,2.4
1042,1443,2023,3.0,2.0,4.0,17,3,4.6
1047,1445,2023,3.0,5.0,17.0,28,2,4.7
1052,1447,2023,3.0,6.0,5.0,38,12,4.1
1055,1448,2023,3.0,7.0,15.0,4,0,5.1
1060,1450,2023,4.0,5.0,18.0,9,5,6.9
1063,1451,2023,4.0,7.0,1.0,30,6,9.7
1066,1452,2023,4.0,8.0,11.0,14,8,8.7
1069,1453,2023,2.0,7.0,1.0,34,3,1.9
1074,1455,2023,3.0,4.0,10.0,15,6,6.1
1079,1457,2023,4.0,5.0,12.0,19,3,7.2
1080,1458,2023,3.0,6.0,7.0,29,5,4.6
1083,1459,2023,5.0,6.0,8.0,21,4,12.6
1085,1460,2023,4.0,7.0,8.0,30,3,8.7
1088,1461,2023,2.0,7.0,10.0,12,5,1.1
1091,1462,2023,4.0,8.0,1.0,20,5,8.8
1094,1463,2023,3.0,10.0,4.0,29,5,5.7
1097,1464,2023,3.0,7.0,1.0,18,5,5.1
1100,1465,2023,4.0,6.0,17.0,39,3,9.0
1103,1466,2023,2.0,5.0,6.0,35,0,2.0
1107,1469,2023,4.0,4.0,4.0,8,6,8.8
1110,1470,2023,3.0,6.0,6.0,24,6,6.2
1113,1471,2023,3.0,6.0,10.0,29,8,2.8
1116,1472,2023,4.0,10.0,9.0,18,4,7.6
1119,1473,2023,4.0,8.0,15.0,30,6,7.6
1124,1475,2023,4.0,5.0,10.0,32,6,6.1
1127,1476,2023,5.0,4.0,0.0,27,9,11.7
1129,1477,2023,2.0,6.0,11.0,32,5,0.8
1132,1478,2023,4.0,6.0,3.0,20,4,9.0
1136,1480,2023,2.0,8.0,7.0,21,3,2.9
2,1001,2024,4.0,5.0,8.0,36,3,7.0
5,1002,2024,4.0,7.0,3.0,37,2,7.7
8,1003,2024,4.0,6.0,8.0,34,13,8.6
10,1005,2024,2.0,5.0,13.0,6,10,1.5
13,1006,2024,3.0,5.0,2.0,11,3,5.1
17,1008,2024,4.0,3.0,3.0,10,6,6.2
21,1011,2024,3.0,9.0,1.0,11,2,4.4
25,1014,2024,4.0,4.0,7.0,24,12,8.0
27,1015,2024,4.0,8.0,0.0,38,5,7.2
30,1016,2024,4.0,6.0,3.0,32,6,8.4
33,1017,2024,4.0,5.0,1.0,20,9,9.0
36,1018,2024,3.0,7.0,15.0,39,3,5.8
39,1019,2024,3.0,3.0,5.0,7,9,6.8
41,1020,2024,4.0,7.0,0.0,23,5,7.2
45,1022,2024,5.0,4.0,15.0,32,9,13.0
48,1023,2024,4.0,6.0,0.0,8,5,7.5
51,1024,2024,3.0,6.0,1.0,21,3,5.4
54,1025,2024,3.0,8.0,17.0,4,5,3.1
57,1026,2024,5.0,7.0,21.0,30,3,11.9
60,1028,2024,5.0,6.0,2.0,25,6,13.6
63,1029,2024,4.0,5.0,17.0,25,5,6.8
66,1030,2024,3.0,4.0,12.0,25,8,2.3
69,1031,2024,3.0,8.0,18.0,29,3,6.5
72,1032,2024,3.0,4.0,0.0,31,2,4.1
75,1034,2024,3.0,5.0,1.0,4,12,5.4
77,1035,2024,3.0,6.0,13.0,20,3,3.9
80,1036,2024,3.0,6.0,10.0,19,4,3.8
83,1037,2024,5.0,6.0,16.0,22,6,11.4
86,1038,2024,4.0,9.0,11.0,22,3,7.9
90,1040,2024,4.0,7.0,27.0,29,4,10.0
93,1042,2024,2.0,9.0,4.0,6,2,2.8
96,1043,2024,3.0,9.0,6.0,35,2,5.8
98,1044,2024,4.0,8.0,5.0,35,1,8.5
101,1045,2024,3.0,6.0,0.0,5,10,5.5
104,1046,2024,4.0,7.0,13.0,26,6,8.1
107,1047,2024,1.0,6.0,5.0,17,4,0.0
109,1048,2024,5.0,6.0,8.0,14,2,11.2
112,1049,2024,5.0,8.0,6.0,11,1,11.7
115,1050,2024,4.0,5.0,0.0,30,3,8.2
118,1051,2024,3.0,9.0,0.0,31,6,7.1
121,1052,2024,3.0,8.0,6.0,26,1,3.0
124,1053,2024,5.0,10.0,1.0,2,4,12.5
127,1054,2024,4.0,7.0,2.0,33,2,8.7
130,1055,2024,4.0,4.0,10.0,22,4,7.4
133,1056,2024,4.0,4.0,15.0,23,6,8.5
135,1057,2024,4.0,6.0,11.0,21,5,7.7
138,1058,2024,4.0,7.0,0.0,23,3,8.4
141,1059,2024,3.0,8.0,2.0,12,4,5.0
145,1062,2024,3.0,8.0,10.0,5,2,4.6
148,1063,2024,4.0,6.0,0.0,26,2,8.3
152,1065,2024,3.0,8.0,4.0,9,8,4.6
154,1066,2024,2.0,8.0,6.0,21,5,1.1
157,1067,2024,3.0,9.0,12.0,26,2,4.0
160,1068,2024,4.0,6.0,5.0,16,5,6.5
162,1069,2024,2.0,8.0,0.0,0,4,1.6
165,1070,2024,3.0,4.0,9.0,13,10,3.8
168,1071,2024,4.0,8.0,21.0,29,1,9.3
171,1072,2024,3.0,6.0,8.0,6,4,5.1
174,1073,2024,4.0,7.0,8.0,28,0,7.9
176,1074,2024,3.0,5.0,15.0,17,9,4.7
179,1075,2024,3.0,7.0,5.0,16,2,2.8
181,1076,2024,2.0,5.0,22.0,22,6,0.9
184,1078,2024,2.0,8.0,10.0,34,5,3.0
187,1079,2024,3.0,7.0,15.0,23,4,5.2
190,1080,2024,4.0,5.0,15.0,19,2,7.7
194,1082,2024,3.0,9.0,0.0,27,1,5.3
197,1083,2024,5.0,7.0,9.0,40,3,11.5
200,1084,2024,3.0,7.0,7.0,28,6,4.5
204,1086,2024,4.0,7.0,9.0,35,2,8.6
207,1087,2024,3.0,5.0,13.0,31,3,4.4
209,1088,2024,5.0,10.0,1.0,35,5,11.4
212,1089,2024,4.0,8.0,7.0,28,7,4.8
214,1091,2024,4.0,5.0,11.0,27,3,7.8
217,1092,2024,3.0,8.0,12.0,31,4,6.2
219,1093,2024,4.0,5.0,13.0,28,15,7.8
221,1094,2024,4.0,5.0,1.0,5,8,5.5
225,1096,2024,5.0,5.0,8.0,26,13,10.3
228,1098,2024,4.0,6.0,5.0,14,2,7.5
231,1099,2024,3.0,5.0,12.0,35,5,3.3
234,1100,2024,4.0,6.0,10.0,18,3,6.6
237,1102,2024,4.0,9.0,7.0,15,5,8.6
241,1104,2024,4.0,4.0,13.0,36,10,6.1
244,1106,2024,4.0,6.0,3.0,22,2,7.5
247,1107,2024,4.0,6.0,17.0,31,6,7.0
250,1108,2024,4.0,5.0,13.0,6,4,8.7
254,1110,2024,3.0,3.0,4.0,31,6,5.6
257,1111,2024,4.0,6.0,9.0,51,5,7.4
261,1114,2024,3.0,7.0,3.0,28,7,5.2
265,1116,2024,4.0,7.0,8.0,11,7,7.9
268,1117,2024,3.0,6.0,20.0,9,4,5.3
271,1118,2024,3.0,8.0,13.0,30,4,5.8
274,1119,2024,3.0,6.0,7.0,14,4,5.5
278,1121,2024,4.0,7.0,12.0,13,5,8.3
281,1122,2024,3.0,10.0,2.0,0,3,6.4
285,1124,2024,3.0,5.0,13.0,8,9,3.3
288,1126,2024,4.0,1.0,6.0,19,8,6.9
291,1127,2024,4.0,8.0,0.0,47,7,8.6
295,1129,2024,3.0,4.0,11.0,34,3,3.6
299,1131,2024,5.0,6.0,8.0,12,3,12.2
302,1133,2024,2.0,6.0,9.0,17,6,0.2
305,1134,2024,2.0,4.0,12.0,22,14,1.7
308,1135,2024,3.0,5.0,4.0,18,6,4.9
311,1136,2024,1.0,6.0,0.0,25,3,0.0
315,1138,2024,3.0,6.0,8.0,17,5,6.2
318,1139,2024,3.0,7.0,2.0,18,3,4.1
322,1142,2024,5.0,8.0,0.0,31,8,12.4
325,1143,2024,4.0,6.0,2.0,14,2,9.4
328,1144,2024,4.0,8.0,3.0,14,5,7.7
331,1145,2024,5.0,10.0,19.0,18,4,13.2
334,1146,2024,4.0,8.0,1.0,53,5,7.0
337,1147,2024,4.0,6.0,17.0,33,11,9.0
340,1148,2024,3.0,5.0,5.0,24,8,2.8
344,1150,2024,2.0,7.0,0.0,33,1,0.9
347,1151,2024,3.0,8.0,22.0,19,4,4.6
350,1154,2024,3.0,7.0,5.0,28,4,5.6
353,1155,2024,4.0,8.0,16.0,43,4,8.9
356,1156,2024,2.0,8.0,16.0,19,6,2.2
359,1157,2024,3.0,8.0,6.0,23,1,3.7
362,1158,2024,4.0,3.0,14.0,0,8,5.5
365,1160,2024,3.0,5.0,0.0,25,13,6.2
368,1161,2024,2.0,7.0,4.0,8,5,0.6
371,1163,2024,4.0,7.0,0.0,31,2,6.1
373,1165,2024,4.0,4.0,9.0,27,15,8.8
376,1166,2024,2.0,6.0,12.0,22,5,0.9
380,1169,2024,4.0,6.0,15.0,48,2,6.1
384,1171,2024,4.0,5.0,2.0,11,5,2.8
387,1172,2024,4.0,5.0,8.0,22,3,10.5
390,1173,2024,5.0,7.0,0.0,36,4,11.2
393,1174,2024,3.0,7.0,15.0,33,7,6.3
396,1175,2024,5.0,9.0,8.0,10,3,13.8
399,1176,2024,3.0,6.0,0.0,24,1,5.4
402,1177,2024,4.0,7.0,4.0,11,2,7.8
405,1178,2024,2.0,8.0,3.0,33,2,1.0
408,1179,2024,3.0,10.0,1.0,15,5,5.6
411,1180,2024,4.0,6.0,3.0,46,5,8.6
414,1181,2024,4.0,8.0,9.0,16,5,9.5
417,1182,2024,3.0,6.0,12.0,28,1,5.9
420,1183,2024,3.0,9.0,0.0,27,4,4.4
422,1184,2024,4.0,6.0,12.0,46,4,8.7
425,1185,2024,3.0,6.0,2.0,35,5,3.3
428,1187,2024,5.0,8.0,8.0,27,0,11.9
432,1189,2024,4.0,9.0,0.0,26,1,8.9
434,1191,2024,4.0,9.0,4.0,27,3,7.8
437,1192,2024,3.0,4.0,11.0,2,7,6.9
440,1193,2024,4.0,5.0,28.0,35,1,7.6
443,1194,2024,3.0,5.0,15.0,34,5,4.7
446,1195,2024,2.0,8.0,22.0,38,6,2.4
449,1196,2024,3.0,6.0,3.0,35,1,5.0
451,1197,2024,4.0,7.0,12.0,12,0,7.9
454,1198,2024,3.0,4.0,4.0,26,9,5.9
457,1199,2024,4.0,5.0,11.0,0,3,8.8
460,1200,2024,3.0,9.0,0.0,9,4,4.3
463,1201,2024,3.0,10.0,0.0,32,2,5.9
466,1202,2024,2.0,6.0,9.0,25,8,2.5
469,1203,2024,3.0,6.0,10.0,12,6,2.8
471,1205,2024,3.0,6.0,14.0,18,0,3.2
475,1207,2024,3.0,7.0,11.0,30,6,5.8
478,1208,2024,4.0,6.0,7.0,28,4,8.2
481,1209,2024,3.0,4.0,23.0,25,5,5.0
483,1210,2024,3.0,4.0,1.0,5,10,5.0
486,1211,2024,5.0,10.0,0.0,24,3,11.1
489,1212,2024,3.0,10.0,12.0,22,8,4.9
493,1214,2024,3.0,7.0,4.0,32,2,6.4
496,1215,2024,3.0,9.0,0.0,13,6,6.3
499,1216,2024,3.0,8.0,0.0,13,5,4.2
502,1217,2024,3.0,6.0,14.0,15,4,2.7
505,1218,2024,5.0,6.0,6.0,20,9,13.9
508,1221,2024,2.0,4.0,4.0,30,3,0.0
511,1224,2024,4.0,6.0,9.0,39,9,9.0
514,1225,2024,3.0,7.0,3.0,17,3,4.5
517,1226,2024,3.0,7.0,3.0,24,7,4.7
520,1227,2024,5.0,5.0,11.0,43,8,11.8
524,1229,2024,4.0,6.0,10.0,15,5,11.6
527,1230,2024,4.0,5.0,24.0,28,7,7.8
530,1231,2024,4.0,5.0,2.0,22,4,6.5
534,1233,2024,4.0,6.0,4.0,19,7,8.5
538,1235,2024,4.0,4.0,16.0,21,10,9.0
541,1236,2024,2.0,6.0,3.0,18,9,1.9
544,1237,2024,5.0,7.0,5.0,17,2,12.1
547,1239,2024,3.0,6.0,15.0,28,3,5.2
549,1240,2024,3.0,7.0,13.0,17,6,5.7
552,1241,2024,4.0,3.0,8.0,14,6,9.0
555,1242,2024,3.0,3.0,13.0,7,3,4.7
557,1243,2024,3.0,7.0,15.0,36,4,5.9
560,1245,2024,4.0,6.0,5.0,28,3,8.7
563,1246,2024,5.0,10.0,13.0,30,6,11.4
566,1247,2024,4.0,10.0,5.0,35,3,7.0
569,1248,2024,4.0,7.0,15.0,42,1,7.1
572,1249,2024,4.0,10.0,0.0,24,4,11.5
575,1250,2024,4.0,7.0,4.0,12,4,9.8
577,1251,2024,4.0,8.0,5.0,26,3,9.5
580,1252,2024,3.0,6.0,11.0,27,3,4.5
584,1254,2024,4.0,8.0,3.0,50,4,7.2
588,1256,2024,4.0,3.0,2.0,22,6,7.8
591,1257,2024,2.0,7.0,5.0,13,1,3.2
594,1258,2024,5.0,8.0,14.0,41,3,11.0
597,1259,2024,2.0,8.0,13.0,25,6,1.7
600,1260,2024,2.0,6.0,0.0,7,4,1.8
603,1261,2024,3.0,6.0,9.0,36,9,4.9
607,1263,2024,4.0,4.0,19.0,27,5,8.0
611,1265,2024,3.0,7.0,0.0,16,4,3.7
614,1266,2024,3.0,7.0,14.0,19,4,4.0
617,1267,2024,3.0,7.0,17.0,24,6,5.7
620,1268,2024,3.0,6.0,15.0,12,2,6.2
623,1269,2024,4.0,8.0,4.0,32,4,8.1
626,1271,2024,5.0,3.0,4.0,19,3,12.1
629,1272,2024,3.0,3.0,11.0,40,15,5.1
632,1274,2024,4.0,7.0,14.0,55,4,8.0
635,1275,2024,3.0,10.0,8.0,23,1,3.8
638,1276,2024,4.0,6.0,2.0,13,2,9.1
641,1278,2024,1.0,9.0,8.0,23,4,0.0
645,1280,2024,4.0,7.0,3.0,26,3,8.0
648,1281,2024,4.0,8.0,3.0,20,3,8.2
652,1283,2024,4.0,9.0,5.0,22,5,7.9
655,1284,2024,5.0,8.0,4.0,17,4,11.2
658,1285,2024,5.0,10.0,4.0,27,1,11.1
661,1286,2024,4.0,6.0,14.0,17,4,8.0
664,1287,2024,2.0,5.0,5.0,16,8,2.2
667,1289,2024,5.0,5.0,12.0,38,4,10.5
670,1290,2024,4.0,4.0,0.0,24,4,7.8
673,1292,2024,3.0,8.0,7.0,26,4,3.2
675,1293,2024,4.0,10.0,3.0,39,5,8.4
678,1294,2024,3.0,8.0,9.0,22,3,5.8
681,1296,2024,2.0,6.0,5.0,37,8,2.2
684,1297,2024,2.0,9.0,0.0,27,2,1.4
688,1299,2024,3.0,8.0,3.0,43,3,7.1
691,1300,2024,3.0,7.0,0.0,30,3,4.5
694,1301,2024,3.0,9.0,11.0,40,9,4.7
697,1302,2024,3.0,10.0,1.0,17,1,6.0
700,1303,2024,4.0,7.0,11.0,23,2,7.9
702,1304,2024,2.0,5.0,0.0,27,12,2.6
705,1305,2024,3.0,5.0,11.0,18,5,5.1
708,1306,2024,4.0,10.0,16.0,32,4,7.4
710,1307,2024,4.0,4.0,1.0,15,5,7.9
713,1308,2024,2.0,6.0,6.0,15,4,2.4
716,1309,2024,4.0,8.0,16.0,29,6,9.2
719,1311,2024,4.0,10.0,4.0,20,4,7.3
722,1312,2024,4.0,4.0,13.0,27,7,7.7
724,1313,2024,4.0,8.0,9.0,18,3,8.4
728,1315,2024,4.0,7.0,10.0,23,4,7.3
730,1316,2024,5.0,6.0,4.0,23,4,11.3
733,1317,2024,3.0,8.0,17.0,28,4,4.6
736,1318,2024,4.0,8.0,0.0,36,4,8.8
739,1319,2024,3.0,10.0,6.0,0,4,4.5
742,1320,2024,4.0,4.0,6.0,18,5,9.1
745,1321,2024,4.0,7.0,10.0,27,4,7.3
748,1323,2024,4.0,5.0,12.0,3,7,7.4
751,1324,2024,2.0,5.0,23.0,9,4,3.7
754,1325,2024,3.0,5.0,14.0,23,7,5.6
757,1326,2024,3.0,4.0,0.0,33,5,4.8
760,1327,2024,2.0,6.0,8.0,14,4,1.8
763,1328,2024,5.0,5.0,4.0,8,5,11.3
766,1330,2024,4.0,8.0,14.0,17,3,7.6
769,1331,2024,3.0,8.0,0.0,23,1,4.2
772,1332,2024,4.0,7.0,18.0,42,5,8.3
775,1333,2024,3.0,7.0,11.0,38,2,5.0
778,1334,2024,2.0,6.0,12.0,20,5,1.3
781,1335,2024,5.0,6.0,6.0,17,2,13.9
784,1336,2024,3.0,6.0,8.0,31,5,4.8
787,1338,2024,3.0,8.0,0.0,14,2,4.8
790,1339,2024,3.0,7.0,3.0,10,5,5.9
793,1341,2024,4.0,7.0,3.0,30,1,7.8
796,1342,2024,4.0,5.0,7.0,27,5,4.2
797,1343,2024,3.0,9.0,8.0,8,9,3.6
800,1344,2024,3.0,10.0,5.0,10,4,5.2
803,1345,2024,4.0,5.0,5.0,26,6,9.9
808,1348,2024,4.0,3.0,8.0,12,6,9.1
810,1349,2024,3.0,8.0,6.0,27,7,4.3
812,1350,2024,4.0,5.0,15.0,24,6,7.2
815,1351,2024,3.0,6.0,7.0,26,4,6.0
818,1352,2024,4.0,8.0,0.0,33,7,8.4
820,1353,2024,5.0,5.0,6.0,34,7,10.9
823,1354,2024,3.0,3.0,1.0,22,9,5.4
827,1356,2024,4.0,7.0,15.0,24,3,9.0
830,1357,2024,4.0,9.0,7.0,2,2,6.9
834,1359,2024,2.0,8.0,2.0,40,3,1.3
837,1360,2024,3.0,9.0,9.0,18,8,3.7
841,1362,2024,4.0,8.0,11.0,21,6,10.2
844,1363,2024,4.0,6.0,1.0,8,2,7.7
847,1364,2024,3.0,7.0,12.0,38,1,6.0
850,1365,2024,4.0,5.0,0.0,40,2,7.5
852,1366,2024,4.0,9.0,0.0,19,5,8.3
855,1367,2024,4.0,9.0,6.0,8,5,8.1
858,1368,2024,3.0,8.0,4.0,31,6,5.0
862,1370,2024,3.0,7.0,3.0,33,7,5.0
864,1371,2024,3.0,9.0,5.0,25,3,4.0
869,1374,2024,2.0,9.0,7.0,26,8,0.6
871,1375,2024,4.0,5.0,10.0,38,4,7.2
874,1376,2024,3.0,8.0,1.0,30,2,5.3
876,1377,2024,4.0,2.0,15.0,25,8,8.5
879,1378,2024,5.0,9.0,1.0,32,3,10.2
882,1379,2024,4.0,7.0,15.0,24,5,7.9
885,1380,2024,3.0,8.0,9.0,39,7,3.9
888,1381,2024,5.0,8.0,0.0,31,4,12.6
890,1382,2024,3.0,7.0,7.0,24,0,3.7
893,1383,2024,3.0,1.0,2.0,52,12,4.1
896,1384,2024,4.0,9.0,0.0,13,5,8.5
899,1385,2024,4.0,5.0,11.0,15,3,7.9
901,1386,2024,3.0,7.0,10.0,17,4,4.0
904,1387,2024,4.0,10.0,12.0,34,6,8.0
907,1388,2024,4.0,7.0,19.0,26,4,4.5
910,1389,2024,3.0,6.0,4.0,37,7,2.9
913,1390,2024,2.0,8.0,8.0,2,5,3.4
916,1391,2024,3.0,9.0,7.0,15,3,4.4
919,1392,2024,3.0,7.0,9.0,25,5,5.9
922,1393,2024,4.0,5.0,15.0,30,2,8.4
925,1394,2024,5.0,6.0,0.0,29,5,10.0
928,1395,2024,5.0,6.0,10.0,51,1,12.3
930,1396,2024,3.0,7.0,9.0,24,6,6.7
933,1397,2024,3.0,7.0,4.0,8,5,6.6
936,1398,2024,3.0,6.0,18.0,20,8,4.3
939,1399,2024,5.0,6.0,6.0,17,2,13.1
942,1400,2024,3.0,5.0,15.0,13,6,5.3
945,1401,2024,4.0,3.0,7.0,2,6,8.8
948,1402,2024,3.0,5.0,17.0,31,2,2.9
950,1403,2024,3.0,6.0,0.0,21,1,4.3
953,1404,2024,4.0,6.0,0.0,22,5,8.9
956,1405,2024,3.0,6.0,9.0,24,4,7.4
959,1406,2024,3.0,5.0,6.0,26,12,4.5
961,1407,2024,3.0,9.0,1.0,15,3,5.3
964,1409,2024,4.0,8.0,0.0,17,3,8.3
967,1410,2024,3.0,10.0,14.0,25,2,5.0
970,1411,2024,5.0,3.0,17.0,14,8,12.3
973,1412,2024,2.0,8.0,1.0,13,7,3.4
976,1413,2024,4.0,6.0,3.0,45,11,8.3
979,1414,2024,2.0,5.0,16.0,32,5,3.0
982,1415,2024,3.0,3.0,0.0,30,8,4.1
985,1416,2024,3.0,5.0,0.0,16,4,4.3
989,1418,2024,3.0,5.0,11.0,5,8,3.5
992,1419,2024,3.0,5.0,8.0,27,1,4.4
995,1420,2024,4.0,7.0,10.0,3,4,8.8
998,1421,2024,3.0,6.0,13.0,18,1,7.6
1002,1424,2024,5.0,10.0,7.0,28,3,10.3
1005,1427,2024,3.0,7.0,16.0,28,2,5.7
1008,1429,2024,3.0,6.0,21.0,32,3,4.4
1011,1430,2024,3.0,8.0,16.0,28,4,3.8
1014,1431,2024,4.0,5.0,6.0,29,3,7.9
1017,1432,2024,4.0,5.0,8.0,31,5,9.1
1021,1434,2024,4.0,5.0,6.0,11,7,8.9
1023,1435,2024,4.0,7.0,6.0,11,4,8.7
1026,1437,2024,5.0,10.0,3.0,33,2,13.4
1029,1438,2024,4.0,8.0,12.0,23,1,8.3
1032,1439,2024,4.0,7.0,22.0,15,7,9.4
1035,1440,2024,4.0,8.0,10.0,17,1,8.1
1038,1441,2024,3.0,6.0,0.0,21,2,6.7
1040,1442,2024,4.0,6.0,6.0,41,2,7.8
1043,1443,2024,3.0,3.0,4.0,18,5,5.4
1045,1444,2024,3.0,6.0,13.0,0,5,5.2
1048,1445,2024,2.0,5.0,13.0,22,3,1.6
1050,1446,2024,4.0,8.0,2.0,23,2,8.6
1053,1447,2024,3.0,4.0,6.0,40,7,5.9
1056,1448,2024,4.0,9.0,7.0,8,0,8.5
1058,1449,2024,4.0,4.0,14.0,32,5,6.0
1061,1450,2024,3.0,5.0,13.0,13,6,5.2
1064,1451,2024,3.0,6.0,2.0,30,9,6.3
1067,1452,2024,4.0,6.0,15.0,14,6,8.4
1070,1453,2024,3.0,5.0,0.0,35,5,5.0
1072,1454,2024,4.0,6.0,11.0,29,6,5.8
1075,1455,2024,4.0,4.0,8.0,21,8,6.6
1077,1456,2024,3.0,6.0,2.0,31,5,6.1
1081,1458,2024,4.0,5.0,9.0,22,5,9.0
1084,1459,2024,3.0,6.0,11.0,28,10,5.1
1086,1460,2024,4.0,7.0,5.0,28,1,8.9
1089,1461,2024,4.0,6.0,14.0,14,2,8.4
1092,1462,2024,3.0,7.0,0.0,20,3,3.3
1095,1463,2024,4.0,9.0,7.0,33,2,7.3
1098,1464,2024,3.0,8.0,1.0,17,3,1.9
1101,1465,2024,2.0,7.0,21.0,37,3,2.3
1104,1466,2024,5.0,7.0,7.0,41,6,12.2
1108,1469,2024,4.0,3.0,2.0,6,7,9.7
1111,1470,2024,4.0,7.0,5.0,23,4,5.0
1114,1471,2024,3.0,5.0,6.0,21,2,5.3
1117,1472,2024,2.0,6.0,9.0,17,1,1.8
1120,1473,2024,3.0,7.0,21.0,31,1,3.9
1122,1474,2024,4.0,7.0,8.0,26,3,6.9
1125,1475,2024,4.0,6.0,11.0,31,6,8.4
1128,1476,2024,3.0,4.0,0.0,26,5,5.8
1130,1477,2024,4.0,6.0,11.0,28,5,7.7
1133,1478,2024,5.0,7.0,0.0,18,6,11.6
1137,1480,2024,3.0,8.0,8.0,16,2,3.6
3,1001,2025,4.0,5.0,8.0,36,4,7.5
6,1002,2025,4.0,6.0,0.0,32,6,6.1
11,1005,2025,3.0,5.0,13.0,7,5,5.8
14,1006,2025,4.0,7.0,0.0,9,4,8.5
15,1007,2025,5.0,7.0,2.0,12,2,14.7
18,1008,2025,5.0,6.0,1.0,16,5,12.7
22,1011,2025,3.0,9.0,4.0,5,4,2.5
26,1014,2025,3.0,6.0,7.0,19,5,2.8
28,1015,2025,5.0,7.0,3.0,31,5,12.8
31,1016,2025,4.0,5.0,7.0,30,8,5.4
34,1017,2025,4.0,6.0,0.0,14,5,7.7
37,1018,2025,4.0,7.0,16.0,41,9,8.9
40,1019,2025,4.0,5.0,6.0,12,6,7.9
42,1020,2025,5.0,6.0,3.0,19,7,12.2
43,1021,2025,3.0,7.0,11.0,40,5,4.9
46,1022,2025,4.0,5.0,11.0,39,4,8.0
49,1023,2025,4.0,6.0,0.0,17,3,5.7
52,1024,2025,4.0,6.0,5.0,17,7,7.9
55,1025,2025,2.0,8.0,14.0,5,7,3.0
58,1026,2025,3.0,6.0,20.0,25,5,3.4
61,1028,2025,3.0,4.0,0.0,22,5,5.0
64,1029,2025,3.0,5.0,12.0,29,9,5.0
67,1030,2025,4.0,5.0,11.0,23,5,7.8
70,1031,2025,3.0,9.0,12.0,37,4,5.3
73,1032,2025,3.0,4.0,2.0,30,11,4.3
76,1034,2025,4.0,5.0,2.0,4,7,8.9
78,1035,2025,5.0,8.0,12.0,19,7,12.0
81,1036,2025,4.0,5.0,12.0,23,4,6.2
84,1037,2025,4.0,8.0,13.0,15,5,6.7
87,1038,2025,3.0,9.0,9.0,25,7,4.5
91,1040,2025,4.0,6.0,25.0,31,6,7.9
94,1042,2025,4.0,8.0,3.0,8,2,8.6
97,1043,2025,3.0,7.0,9.0,35,5,4.0
99,1044,2025,5.0,6.0,6.0,37,8,10.3
102,1045,2025,5.0,3.0,0.0,5,12,12.5
105,1046,2025,4.0,6.0,15.0,29,7,8.7
108,1047,2025,3.0,7.0,5.0,21,0,4.5
110,1048,2025,3.0,5.0,9.0,12,7,1.9
113,1049,2025,4.0,9.0,6.0,20,4,6.6
116,1050,2025,4.0,6.0,1.0,28,4,8.9
119,1051,2025,4.0,8.0,2.0,26,2,9.0
122,1052,2025,5.0,8.0,10.0,29,4,12.8
125,1053,2025,3.0,10.0,2.0,5,9,6.4
128,1054,2025,4.0,7.0,7.0,31,4,7.1
131,1055,2025,3.0,5.0,12.0,23,9,5.5
134,1056,2025,4.0,5.0,13.0,23,12,7.3
136,1057,2025,3.0,7.0,12.0,27,5,4.4
139,1058,2025,5.0,7.0,0.0,31,4,12.2
142,1059,2025,3.0,9.0,7.0,8,1,5.4
143,1060,2025,4.0,6.0,7.0,28,5,7.8
146,1062,2025,3.0,6.0,9.0,8,1,6.8
149,1063,2025,3.0,7.0,0.0,29,6,4.4
150,1064,2025,3.0,8.0,17.0,29,3,5.8
153,1065,2025,4.0,6.0,4.0,13,0,7.8
155,1066,2025,5.0,6.0,6.0,21,1,12.0
158,1067,2025,3.0,9.0,8.0,20,5,4.3
161,1068,2025,3.0,7.0,5.0,23,0,4.6
163,1069,2025,3.0,9.0,0.0,0,7,4.1
166,1070,2025,4.0,6.0,8.0,16,2,10.5
169,1071,2025,5.0,7.0,23.0,36,3,11.9
172,1072,2025,2.0,7.0,10.0,8,2,1.8
175,1073,2025,3.0,5.0,5.0,22,5,5.0
177,1074,2025,3.0,7.0,13.0,17,2,4.7
180,1075,2025,3.0,6.0,8.0,19,5,5.5
182,1076,2025,4.0,4.0,21.0,26,4,9.0
185,1078,2025,3.0,7.0,8.0,40,6,4.8
188,1079,2025,3.0,8.0,10.0,31,4,5.2
191,1080,2025,4.0,6.0,16.0,18,3,11.1
195,1082,2025,4.0,7.0,2.0,31,3,7.4
198,1083,2025,5.0,5.0,12.0,37,6,11.6
201,1084,2025,4.0,6.0,10.0,26,4,8.3
205,1086,2025,4.0,7.0,8.0,37,6,7.2
208,1087,2025,2.0,5.0,11.0,25,7,0.5
210,1088,2025,4.0,10.0,3.0,35,7,9.8
213,1089,2025,4.0,6.0,2.0,23,3,7.6
215,1091,2025,4.0,5.0,7.0,28,7,6.0
218,1092,2025,3.0,9.0,10.0,29,0,5.3
222,1094,2025,4.0,6.0,6.0,1,4,9.6
226,1096,2025,3.0,5.0,12.0,20,8,4.8
229,1098,2025,2.0,8.0,5.0,7,3,2.8
232,1099,2025,5.0,5.0,15.0,31,6,10.3
235,1100,2025,5.0,5.0,11.0,19,4,12.0
238,1102,2025,4.0,9.0,12.0,15,4,7.4
239,1103,2025,4.0,6.0,7.0,26,2,8.1
242,1104,2025,5.0,3.0,8.0,35,7,13.5
243,1105,2025,4.0,8.0,3.0,36,4,8.3
245,1106,2025,4.0,7.0,5.0,23,3,5.1
248,1107,2025,5.0,8.0,16.0,31,7,10.6
251,1108,2025,5.0,3.0,8.0,2,9,13.2
252,1109,2025,3.0,7.0,0.0,28,4,5.7
255,1110,2025,3.0,5.0,5.0,34,2,4.9
258,1111,2025,3.0,6.0,8.0,49,6,4.3
259,1113,2025,5.0,5.0,1.0,29,4,12.2
262,1114,2025,3.0,8.0,3.0,28,3,4.1
266,1116,2025,2.0,7.0,7.0,12,5,3.5
269,1117,2025,3.0,6.0,20.0,3,4,5.7
272,1118,2025,4.0,6.0,13.0,30,4,7.9
275,1119,2025,2.0,6.0,7.0,21,3,2.7
276,1120,2025,4.0,10.0,17.0,21,2,3.8
279,1121,2025,2.0,8.0,14.0,20,4,0.0
282,1122,2025,5.0,9.0,4.0,0,3,11.9
283,1123,2025,5.0,8.0,0.0,27,6,12.4
286,1124,2025,4.0,6.0,11.0,9,4,7.6
289,1126,2025,3.0,1.0,7.0,19,7,7.0
292,1127,2025,4.0,8.0,2.0,40,3,8.1
293,1128,2025,4.0,8.0,5.0,6,2,4.3
296,1129,2025,3.0,5.0,8.0,28,9,4.6
297,1130,2025,3.0,4.0,2.0,21,8,6.6
300,1131,2025,3.0,5.0,9.0,19,4,4.9
303,1133,2025,4.0,5.0,11.0,24,4,8.6
306,1134,2025,4.0,5.0,10.0,28,5,6.8
309,1135,2025,4.0,6.0,8.0,22,6,7.6
312,1136,2025,4.0,6.0,0.0,24,3,8.2
313,1137,2025,3.0,3.0,5.0,9,8,4.8
316,1138,2025,3.0,7.0,10.0,17,1,5.7
319,1139,2025,3.0,5.0,0.0,18,4,3.5
323,1142,2025,3.0,8.0,0.0,33,3,5.3
326,1143,2025,4.0,7.0,1.0,13,9,7.8
329,1144,2025,2.0,9.0,1.0,17,2,1.9
332,1145,2025,4.0,10.0,20.0,15,4,6.8
335,1146,2025,3.0,6.0,6.0,53,5,6.6
338,1147,2025,4.0,4.0,13.0,27,8,8.9
341,1148,2025,3.0,3.0,3.0,22,6,6.0
342,1149,2025,3.0,6.0,0.0,25,9,5.4
345,1150,2025,5.0,7.0,5.0,29,4,12.0
348,1151,2025,3.0,8.0,20.0,18,5,5.2
351,1154,2025,5.0,8.0,6.0,32,7,12.4
354,1155,2025,5.0,7.0,16.0,35,4,11.6
357,1156,2025,5.0,7.0,14.0,21,4,12.5
360,1157,2025,3.0,8.0,10.0,21,3,3.0
363,1158,2025,3.0,1.0,11.0,3,9,3.9
366,1160,2025,3.0,5.0,1.0,26,9,4.7
369,1161,2025,3.0,6.0,6.0,8,4,4.2
372,1163,2025,3.0,8.0,3.0,31,4,8.2
374,1165,2025,5.0,4.0,9.0,30,4,11.0
377,1166,2025,4.0,7.0,17.0,30,2,7.9
378,1167,2025,3.0,9.0,1.0,21,7,5.1
381,1169,2025,3.0,5.0,10.0,52,6,5.2
382,1170,2025,5.0,8.0,9.0,15,4,11.6
385,1171,2025,4.0,7.0,2.0,16,4,8.4
388,1172,2025,3.0,5.0,4.0,13,7,6.6
391,1173,2025,4.0,5.0,0.0,39,7,6.8
394,1174,2025,5.0,5.0,13.0,24,1,12.7
397,1175,2025,4.0,7.0,7.0,15,2,2.2
400,1176,2025,2.0,6.0,0.0,21,0,0.3
403,1177,2025,5.0,6.0,1.0,10,8,11.7
406,1178,2025,3.0,6.0,0.0,35,5,7.4
409,1179,2025,4.0,9.0,1.0,20,2,6.7
412,1180,2025,4.0,6.0,5.0,44,3,9.1
415,1181,2025,3.0,8.0,6.0,18,4,5.7
418,1182,2025,5.0,7.0,12.0,28,3,13.7
421,1183,2025,5.0,9.0,0.0,20,2,10.6
423,1184,2025,4.0,7.0,14.0,49,7,8.1
426,1185,2025,5.0,4.0,6.0,38,7,12.4
429,1187,2025,5.0,8.0,12.0,30,4,11.2
430,1188,2025,3.0,1.0,0.0,43,2,4.2
433,1189,2025,4.0,9.0,0.0,33,7,7.7
435,1191,2025,4.0,9.0,3.0,30,1,6.1
438,1192,2025,3.0,2.0,11.0,5,11,5.6
441,1193,2025,4.0,7.0,27.0,37,4,11.1
444,1194,2025,4.0,5.0,17.0,31,5,7.7
447,1195,2025,2.0,9.0,21.0,37,1,1.1
450,1196,2025,4.0,7.0,1.0,43,4,7.9
452,1197,2025,4.0,7.0,8.0,19,1,7.8
455,1198,2025,4.0,6.0,4.0,26,5,8.8
458,1199,2025,3.0,5.0,8.0,0,5,5.0
461,1200,2025,4.0,7.0,0.0,8,6,8.9
464,1201,2025,5.0,10.0,0.0,35,2,10.3
467,1202,2025,5.0,5.0,10.0,24,10,13.5
470,1203,2025,4.0,5.0,5.0,14,9,8.4
472,1205,2025,2.0,6.0,13.0,18,3,0.7
476,1207,2025,4.0,7.0,8.0,32,4,6.7
479,1208,2025,4.0,7.0,8.0,29,4,7.3
482,1209,2025,3.0,3.0,23.0,32,7,5.4
484,1210,2025,4.0,6.0,0.0,12,5,5.6
487,1211,2025,2.0,10.0,1.0,32,2,2.3
490,1212,2025,4.0,10.0,15.0,23,1,7.8
491,1213,2025,3.0,10.0,14.0,41,2,5.6
494,1214,2025,4.0,7.0,7.0,29,4,7.1
497,1215,2025,3.0,8.0,0.0,14,3,4.3
500,1216,2025,3.0,9.0,0.0,17,5,4.9
503,1217,2025,3.0,8.0,14.0,19,3,4.1
506,1218,2025,3.0,6.0,7.0,25,8,5.4
507,1219,2025,5.0,8.0,4.0,31,4,12.3
509,1221,2025,3.0,5.0,5.0,23,12,4.0
512,1224,2025,3.0,4.0,12.0,35,5,5.5
515,1225,2025,3.0,7.0,0.0,19,4,6.7
518,1226,2025,3.0,6.0,0.0,17,5,3.0
521,1227,2025,3.0,3.0,6.0,44,5,3.7
525,1229,2025,4.0,6.0,11.0,16,3,8.8
528,1230,2025,5.0,6.0,25.0,33,3,11.9
531,1231,2025,4.0,6.0,5.0,16,3,8.5
532,1232,2025,3.0,5.0,6.0,12,4,5.8
535,1233,2025,3.0,5.0,0.0,22,7,4.5
539,1235,2025,3.0,4.0,15.0,18,9,5.2
542,1236,2025,4.0,6.0,5.0,18,6,8.3
545,1237,2025,5.0,7.0,2.0,14,3,10.8
550,1240,2025,3.0,9.0,10.0,20,1,2.6
553,1241,2025,2.0,4.0,11.0,21,7,2.4
556,1242,2025,4.0,4.0,8.0,9,5,5.1
558,1243,2025,3.0,7.0,19.0,36,9,4.6
561,1245,2025,3.0,7.0,4.0,21,3,5.5
564,1246,2025,5.0,9.0,7.0,30,5,12.9
567,1247,2025,3.0,10.0,3.0,36,2,5.6
570,1248,2025,4.0,9.0,13.0,35,2,9.0
573,1249,2025,4.0,10.0,0.0,25,10,10.6
576,1250,2025,5.0,7.0,5.0,13,5,11.1
578,1251,2025,5.0,6.0,3.0,28,3,12.7
581,1252,2025,4.0,7.0,8.0,21,6,7.9
585,1254,2025,3.0,8.0,9.0,52,5,4.7
589,1256,2025,2.0,3.0,0.0,28,5,1.3
592,1257,2025,3.0,7.0,3.0,19,7,5.1
595,1258,2025,3.0,7.0,15.0,44,2,6.2
598,1259,2025,4.0,6.0,16.0,30,4,8.5
601,1260,2025,4.0,7.0,4.0,15,2,8.8
604,1261,2025,5.0,5.0,10.0,34,10,11.8
605,1262,2025,4.0,6.0,21.0,22,7,8.5
608,1263,2025,4.0,5.0,13.0,27,6,8.1
609,1264,2025,3.0,5.0,9.0,30,5,6.1
612,1265,2025,5.0,8.0,0.0,22,5,12.5
615,1266,2025,2.0,8.0,9.0,23,8,0.9
618,1267,2025,4.0,7.0,14.0,22,3,8.8
621,1268,2025,3.0,5.0,14.0,17,7,3.8
624,1269,2025,2.0,6.0,6.0,25,2,2.3
625,1270,2025,4.0,7.0,8.0,22,2,7.5
627,1271,2025,5.0,2.0,2.0,25,5,12.8
630,1272,2025,4.0,5.0,8.0,36,7,8.7
633,1274,2025,4.0,8.0,10.0,51,4,8.0
636,1275,2025,4.0,9.0,9.0,18,2,6.9
639,1276,2025,3.0,6.0,8.0,16,4,5.1
642,1278,2025,4.0,7.0,7.0,18,6,7.4
643,1279,2025,3.0,7.0,1.0,28,2,4.3
646,1280,2025,4.0,8.0,4.0,29,5,8.1
649,1281,2025,4.0,7.0,5.0,15,6,6.4
650,1282,2025,4.0,6.0,0.0,18,3,7.3
653,1283,2025,4.0,8.0,9.0,25,5,8.1
656,1284,2025,3.0,9.0,5.0,19,6,4.8
659,1285,2025,3.0,8.0,4.0,24,5,3.7
662,1286,2025,3.0,5.0,15.0,23,6,3.8
665,1287,2025,3.0,6.0,4.0,14,9,4.1
668,1289,2025,5.0,4.0,15.0,34,10,13.1
671,1290,2025,4.0,4.0,4.0,29,9,7.6
676,1293,2025,3.0,8.0,7.0,35,3,6.3
679,1294,2025,3.0,7.0,6.0,16,3,4.6
682,1296,2025,3.0,5.0,6.0,33,10,5.4
685,1297,2025,4.0,8.0,0.0,32,2,7.8
689,1299,2025,5.0,9.0,0.0,42,5,13.4
692,1300,2025,3.0,9.0,3.0,28,3,5.0
695,1301,2025,4.0,7.0,12.0,33,2,7.8
698,1302,2025,3.0,10.0,3.0,15,3,4.3
701,1303,2025,3.0,9.0,8.0,25,2,5.3
703,1304,2025,3.0,4.0,3.0,21,0,5.1
706,1305,2025,4.0,5.0,12.0,17,6,11.4
709,1306,2025,4.0,10.0,17.0,33,2,7.4
711,1307,2025,4.0,6.0,4.0,15,5,7.1
714,1308,2025,4.0,6.0,7.0,11,2,8.1
717,1309,2025,5.0,6.0,15.0,28,4,12.0
720,1311,2025,4.0,10.0,3.0,19,4,6.6
725,1313,2025,3.0,7.0,9.0,14,4,3.2
729,1315,2025,3.0,6.0,12.0,25,1,4.8
731,1316,2025,5.0,7.0,1.0,23,4,12.7
734,1317,2025,3.0,7.0,17.0,27,2,5.7
737,1318,2025,4.0,6.0,7.0,36,5,10.1
740,1319,2025,2.0,10.0,5.0,0,1,2.8
743,1320,2025,4.0,5.0,6.0,15,9,8.5
746,1321,2025,3.0,7.0,11.0,27,3,5.3
749,1323,2025,3.0,6.0,6.0,11,10,4.2
752,1324,2025,5.0,5.0,22.0,4,10,14.1
755,1325,2025,3.0,5.0,10.0,22,2,7.2
758,1326,2025,3.0,4.0,0.0,30,11,4.2
761,1327,2025,3.0,5.0,5.0,15,2,3.1
764,1328,2025,3.0,6.0,3.0,4,1,5.1
767,1330,2025,4.0,7.0,9.0,21,7,6.1
770,1331,2025,4.0,8.0,0.0,16,5,6.5
773,1332,2025,4.0,8.0,15.0,36,3,8.8
776,1333,2025,4.0,6.0,7.0,37,7,9.0
779,1334,2025,4.0,6.0,7.0,27,4,6.9
782,1335,2025,3.0,8.0,4.0,20,7,5.4
785,1336,2025,2.0,6.0,10.0,23,2,0.4
788,1338,2025,2.0,9.0,1.0,17,2,1.6
791,1339,2025,1.0,7.0,3.0,11,8,0.0
794,1341,2025,5.0,8.0,0.0,32,2,12.9
798,1343,2025,4.0,8.0,6.0,11,2,7.3
801,1344,2025,3.0,10.0,4.0,10,3,4.8
804,1345,2025,4.0,4.0,0.0,34,7,9.0
805,1346,2025,3.0,8.0,8.0,16,6,5.0
806,1347,2025,5.0,7.0,15.0,24,5,12.6
811,1349,2025,3.0,6.0,7.0,21,5,5.2
813,1350,2025,4.0,5.0,10.0,23,8,6.3
816,1351,2025,4.0,8.0,9.0,18,4,9.6
819,1352,2025,3.0,6.0,1.0,37,4,4.3
821,1353,2025,3.0,7.0,5.0,37,6,4.5
824,1354,2025,5.0,4.0,0.0,25,9,11.4
825,1355,2025,4.0,2.0,13.0,15,3,8.8
828,1356,2025,3.0,5.0,12.0,22,5,6.1
831,1357,2025,2.0,10.0,4.0,0,4,2.2
832,1358,2025,4.0,4.0,3.0,55,4,8.1
835,1359,2025,3.0,9.0,0.0,41,3,4.8
838,1360,2025,3.0,8.0,11.0,23,6,7.4
839,1361,2025,3.0,4.0,0.0,14,8,6.7
842,1362,2025,3.0,8.0,14.0,23,4,6.1
845,1363,2025,4.0,6.0,0.0,11,5,8.3
848,1364,2025,5.0,9.0,8.0,39,6,11.7
851,1365,2025,3.0,6.0,4.0,37,6,5.3
853,1366,2025,3.0,8.0,0.0,20,4,4.5
856,1367,2025,3.0,7.0,9.0,10,3,4.4
859,1368,2025,3.0,8.0,0.0,33,8,6.1
860,1369,2025,2.0,9.0,8.0,15,2,0.9
863,1370,2025,4.0,7.0,8.0,30,8,7.5
865,1371,2025,4.0,9.0,9.0,28,3,9.9
870,1374,2025,4.0,8.0,9.0,27,1,7.2
872,1375,2025,5.0,5.0,8.0,33,12,13.1
875,1376,2025,1.0,6.0,0.0,22,5,0.4
877,1377,2025,4.0,3.0,12.0,29,4,7.3
880,1378,2025,3.0,7.0,3.0,31,7,4.5
883,1379,2025,2.0,6.0,17.0,30,2,1.7
886,1380,2025,4.0,7.0,14.0,33,3,7.9
889,1381,2025,4.0,6.0,1.0,29,4,8.4
891,1382,2025,3.0,7.0,5.0,29,4,5.3
894,1383,2025,4.0,3.0,5.0,56,7,8.7
897,1384,2025,4.0,9.0,4.0,12,1,8.5
900,1385,2025,5.0,7.0,11.0,21,3,11.8
902,1386,2025,4.0,9.0,11.0,16,5,10.2
905,1387,2025,3.0,10.0,8.0,38,5,5.2
908,1388,2025,3.0,7.0,19.0,29,8,5.0
911,1389,2025,4.0,4.0,8.0,37,5,7.6
914,1390,2025,4.0,6.0,9.0,5,4,7.4
917,1391,2025,3.0,9.0,7.0,14,8,4.3
920,1392,2025,4.0,6.0,13.0,18,6,9.4
923,1393,2025,3.0,3.0,15.0,33,4,4.3
926,1394,2025,5.0,5.0,1.0,32,10,11.2
929,1395,2025,3.0,7.0,11.0,48,7,5.6
931,1396,2025,4.0,5.0,6.0,23,4,8.3
934,1397,2025,3.0,7.0,1.0,15,2,4.9
937,1398,2025,4.0,7.0,18.0,22,6,7.5
940,1399,2025,2.0,8.0,2.0,21,3,2.5
943,1400,2025,3.0,7.0,16.0,16,5,5.5
946,1401,2025,4.0,5.0,2.0,5,5,8.2
951,1403,2025,3.0,5.0,2.0,24,3,3.6
954,1404,2025,3.0,6.0,0.0,23,1,4.1
957,1405,2025,4.0,5.0,9.0,24,1,7.6
960,1406,2025,3.0,5.0,6.0,31,6,4.3
962,1407,2025,5.0,9.0,2.0,17,4,10.4
965,1409,2025,4.0,7.0,0.0,19,3,9.0
968,1410,2025,4.0,9.0,13.0,32,7,6.0
971,1411,2025,4.0,6.0,14.0,14,6,6.8
974,1412,2025,4.0,8.0,4.0,14,1,7.0
977,1413,2025,4.0,7.0,1.0,43,5,6.7
980,1414,2025,4.0,6.0,12.0,37,8,7.9
983,1415,2025,3.0,4.0,7.0,31,5,5.9
986,1416,2025,5.0,7.0,2.0,23,2,12.5
987,1417,2025,2.0,8.0,0.0,32,2,2.1
990,1418,2025,4.0,4.0,11.0,10,6,7.4
993,1419,2025,3.0,6.0,10.0,25,4,5.8
996,1420,2025,2.0,6.0,15.0,0,3,1.4
999,1421,2025,2.0,6.0,13.0,12,3,3.4
1003,1424,2025,5.0,10.0,9.0,31,7,11.2
1006,1427,2025,4.0,7.0,15.0,29,2,6.8
1007,1428,2025,5.0,6.0,0.0,21,4,11.1
1009,1429,2025,4.0,6.0,15.0,33,1,6.5
1012,1430,2025,4.0,6.0,12.0,18,2,8.4
1015,1431,2025,3.0,7.0,6.0,30,2,4.6
1018,1432,2025,4.0,3.0,9.0,36,10,8.7
1024,1435,2025,4.0,9.0,6.0,20,3,9.0
1027,1437,2025,3.0,10.0,5.0,26,3,4.0
1030,1438,2025,4.0,9.0,15.0,27,4,9.3
1033,1439,2025,3.0,7.0,22.0,14,4,6.6
1036,1440,2025,3.0,8.0,9.0,17,1,4.8
1039,1441,2025,3.0,8.0,1.0,12,5,5.2
1041,1442,2025,3.0,8.0,8.0,40,5,5.2
1044,1443,2025,4.0,3.0,3.0,21,12,8.4
1046,1444,2025,4.0,5.0,12.0,1,6,8.5
1049,1445,2025,4.0,7.0,17.0,22,0,9.1
1051,1446,2025,3.0,10.0,4.0,23,1,2.6
1054,1447,2025,3.0,4.0,5.0,43,6,5.7
1057,1448,2025,4.0,9.0,12.0,6,4,9.0
1059,1449,2025,3.0,4.0,15.0,36,5,5.2
1062,1450,2025,4.0,4.0,18.0,12,10,8.5
1065,1451,2025,2.0,6.0,0.0,33,5,0.8
1068,1452,2025,5.0,8.0,13.0,17,4,11.1
1071,1453,2025,5.0,6.0,3.0,32,1,10.1
1073,1454,2025,2.0,8.0,12.0,25,0,0.4
1076,1455,2025,5.0,5.0,10.0,19,6,13.3
1078,1456,2025,4.0,5.0,3.0,33,3,8.5
1082,1458,2025,4.0,6.0,9.0,27,13,9.5
1087,1460,2025,4.0,6.0,5.0,28,3,6.8
1090,1461,2025,3.0,7.0,12.0,17,6,5.0
1093,1462,2025,3.0,9.0,2.0,19,4,4.1
1096,1463,2025,3.0,6.0,3.0,30,3,6.3
1099,1464,2025,4.0,9.0,2.0,19,8,9.0
1102,1465,2025,3.0,6.0,18.0,38,6,4.7
1105,1466,2025,4.0,6.0,5.0,42,4,8.8
1106,1468,2025,4.0,6.0,3.0,26,6,10.2
1109,1469,2025,3.0,2.0,8.0,11,7,4.4
1112,1470,2025,3.0,7.0,8.0,30,5,6.5
1115,1471,2025,3.0,6.0,7.0,25,1,4.3
1118,1472,2025,5.0,9.0,5.0,13,2,11.3
1121,1473,2025,3.0,6.0,15.0,24,6,5.3
1123,1474,2025,3.0,8.0,12.0,27,6,6.2
1126,1475,2025,3.0,5.0,12.0,30,6,4.3
1131,1477,2025,4.0,6.0,9.0,29,9,7.6
1134,1478,2025,3.0,6.0,2.0,27,3,6.2
1135,1479,2025,4.0,7.0,18.0,20,4,7.8
1138,1480,2025,5.0,9.0,9.0,16,3,12.8
